volatility_std_20d,prediction
"(0.00738, 0.0162]",0.04938271604938271
"(0.0162, 0.0251]",0.0
"(0.0251, 0.0339]",
"(0.0339, 0.0427]",0.0
"(0.0427, 0.0515]",0.23076923076923078
