weekday,prediction,actual
Friday,0.0,0.0
Monday,0.03571428571428571,0.0
Thursday,0.06666666666666667,0.0
Tuesday,0.06666666666666667,0.0
Wednesday,0.06666666666666667,0.0
