horizon,rmse,mae,mape,r2,bias
target_1d,0.02081397086576561,0.015550848869753772,2.857230878126796,-0.829127404504874,-0.011033289536288083
target_2d,0.039829362277425916,0.029567927681308614,4.260976675075299,-1.7780746172293243,-0.02589705773211984
target_3d,0.04803904940124578,0.03775066894376444,12.736948700635063,-1.4817272664805055,-0.03382402817798706
target_5d,0.06633699665370009,0.05421904109602869,8.342514511906394,-1.8147427365719748,-0.05077917935849721
target_1w,0.06633699665370009,0.05421904109602869,8.342514511906394,-1.8147427365719748,-0.05077917935849721
