{
  "rmse": 0.08948759442012649,
  "mae": 0.07538167833210348,
  "r2": -1.9697133242681542
}