{
  "rmse": 0.07844508572115556,
  "mae": 0.06570852596978558,
  "r2": -0.590212445438244
}