{
  "rmse": 0.09130195580110302,
  "mae": 0.07481886412080406,
  "r2": -0.29621179432649725
}