{
  "rmse": 0.07468788728261083,
  "mae": 0.06488033968766656,
  "r2": -2.7220414009579934
}