{
  "accuracy": 0.42520491803278687,
  "precision": 0.42505133470225875,
  "recall": 0.9975903614457832,
  "f1": 0.5961123110151187,
  "roc_auc": 0.5611451152202392,
  "expected_pnl": 0.01892397291292632,
  "trades": 974.0,
  "avg_trade_return": 0.01892397291292632
}