{
  "accuracy": 0.589041095890411,
  "precision": 0.42857142857142855,
  "recall": 0.05084745762711865,
  "f1": 0.09090909090909091,
  "roc_auc": 0.4529514903565166,
  "expected_pnl": 0.025978491321522475,
  "trades": 7.0,
  "avg_trade_return": 0.025978491321522475
}