{
  "rmse": 0.04870115336792292,
  "mae": 0.03670683711192529,
  "r2": -0.4723268026033649
}