{
  "rmse": 0.037428823064647246,
  "mae": 0.027656980691816546,
  "r2": -0.39879535456705395
}