{
  "rmse": 0.027427862248743527,
  "mae": 0.017960570333398977,
  "r2": -1.284464657358761
}