{
  "rmse": 0.06633699665364616,
  "mae": 0.054219041095934103,
  "r2": -1.8147427365673985
}