{
  "rmse": 0.039829362277454775,
  "mae": 0.0295679276813869,
  "r2": -1.77807461723335
}