{
  "rmse": 0.02081397086571782,
  "mae": 0.015550848869417143,
  "r2": -0.8291274044964749
}