{
  "rmse": 0.04803904940124578,
  "mae": 0.03775066894376444,
  "r2": -1.4817272664805055
}