{
  "rmse": 0.03234189626126119,
  "mae": 0.024744932634730307,
  "r2": -0.5689485535440559
}